# CRC	Symbol	Provider
0xd8867830	AMLOGIC_FBC_vframe_decoder	decoder_common.ko
0xb7357716	AMLOGIC_FBC_vframe_encoder	decoder_common.ko
0x5823316b	adec_init	stream_input.ko
0x1fe0ede7	adec_release	stream_input.ko
0x700ddba0	amhcodec_loadmc	decoder_common.ko
0xd75dd9df	amhcodec_loadmc_ex	decoder_common.ko
0x309c42b5	amhcodec_start	decoder_common.ko
0x89335dfb	amhcodec_stop	decoder_common.ko
0xa214e024	amhevc_disable	decoder_common.ko
0x372d3021	amhevc_enable	decoder_common.ko
0x1360469b	amhevc_loadmc_ex	decoder_common.ko
0x924a648d	amhevc_resume	decoder_common.ko
0xe68435ce	amhevc_start	decoder_common.ko
0x47e7ce5b	amhevc_stop	decoder_common.ko
0x621a603a	amhevc_suspend	decoder_common.ko
0xcc6bfca9	amhevc_vdec_loadmc_ex	decoder_common.ko
0x0561ea07	amports_clock_gate_init	media_clock.ko
0x2f018f41	amports_get_dma_device	stream_input.ko
0xdf1ded2c	amports_switch_gate	media_clock.ko
0x791cfa0b	amstream_wakeup_userdata_poll	stream_input.ko
0xb1d8e777	amvdec2_disable	decoder_common.ko
0x97b23539	amvdec2_enable	decoder_common.ko
0x987c9e3e	amvdec2_loadmc_ex	decoder_common.ko
0x7363552e	amvdec2_start	decoder_common.ko
0x1fcdac93	amvdec2_stop	decoder_common.ko
0x10e4b394	amvdec_disable	decoder_common.ko
0x7a75a898	amvdec_enable	decoder_common.ko
0x306f8f9c	amvdec_exit	decoder_common.ko
0xcd695bcd	amvdec_init	decoder_common.ko
0xdf60c5af	amvdec_loadmc_ex	decoder_common.ko
0x1816fffc	amvdec_resume	decoder_common.ko
0x0c7dd4ae	amvdec_start	decoder_common.ko
0x6b4197df	amvdec_stop	decoder_common.ko
0x50ce9239	amvdec_suspend	decoder_common.ko
0xcb925920	amvdec_vdec_loadmc_buf_ex	decoder_common.ko
0x3d28d40d	amvdec_vdec_loadmc_ex	decoder_common.ko
0x8f2fb01b	check_efuse_chip	media_clock.ko
0xefd57ae0	decoder_bmmu_box_alloc_box	decoder_common.ko
0xb98ab70f	decoder_bmmu_box_alloc_buf_phy	decoder_common.ko
0xa3296850	decoder_bmmu_box_alloc_idx_wait	decoder_common.ko
0x4f9ce2ec	decoder_bmmu_box_free	decoder_common.ko
0x23ccba33	decoder_bmmu_box_free_idx	decoder_common.ko
0xaeebaa28	decoder_bmmu_box_get_mem_handle	decoder_common.ko
0x83a9769c	decoder_bmmu_box_get_phy_addr	decoder_common.ko
0x25c225b0	decoder_bmmu_box_init	decoder_common.ko
0xee1b04c4	decoder_do_frame_check	decoder_common.ko
0x0b62a9ab	decoder_mmu_box_alloc_box	decoder_common.ko
0x9aecee7f	decoder_mmu_box_alloc_idx	decoder_common.ko
0x69ba1bad	decoder_mmu_box_free	decoder_common.ko
0xfb95c41b	decoder_mmu_box_free_idx	decoder_common.ko
0x69b76ced	decoder_mmu_box_free_idx_tail	decoder_common.ko
0x90f7658c	decoder_mmu_box_get_mem_handle	decoder_common.ko
0xe3456569	decoder_mmu_box_init	decoder_common.ko
0x2479ebf9	decoder_mmu_box_sc_check	decoder_common.ko
0xdf20345d	drm_write	stream_input.ko
0x46c655d2	dvb_attach_demod	stream_input.ko
0xeea12c8d	dvb_attach_tuner	stream_input.ko
0x8f2d536a	dvb_detach_demod	stream_input.ko
0xe8e73845	dvb_detach_tuner	stream_input.ko
0xb66accb4	esparser_init	stream_input.ko
0x886d8df0	esparser_release	stream_input.ko
0xda741013	esparser_write	stream_input.ko
0xa825d174	fw_get_cpu	firmware.ko
0xad397012	get_audio_info	stream_input.ko
0x6daaf0b6	get_clk_with_source	media_clock.ko
0x981c1c75	get_config_int	decoder_common.ko
0x008bc0c9	get_cpu_major_id	media_clock.ko
0xb59fbeea	get_cpu_type_name	media_clock.ko
0xe593a679	get_current_vdec_chip	media_clock.ko
0x00a6d5cd	get_data_from_name	firmware.ko
0x0429e256	get_decoder_firmware_data	firmware.ko
0x7b090489	get_firmware_data	firmware.ko
0x2930c62e	get_fw_format	firmware.ko
0x63fcbd44	get_fw_format_name	firmware.ko
0x0d3fc909	get_stream_buffer	stream_input.ko
0xb1b0655d	get_vdec_device	decoder_common.ko
0x06839617	get_video_format_name	media_clock.ko
0x0482c3eb	hcodec_clock_enable	media_clock.ko
0x2fb88818	hcodec_clock_hi_enable	media_clock.ko
0x4625a02b	hcodec_clock_off	media_clock.ko
0xc45589f4	hcodec_clock_on	media_clock.ko
0x823a0e3e	hcodec_clock_set	media_clock.ko
0xcb845cb5	hcodec_set_clk	media_clock.ko
0x83dd6215	hevc_back_clock_enable	media_clock.ko
0xdc2a1788	hevc_back_clock_hi_enable	media_clock.ko
0xecd04737	hevc_back_clock_init	media_clock.ko
0x6fb1263a	hevc_back_clock_off	media_clock.ko
0x891a008d	hevc_back_clock_on	media_clock.ko
0xab21b0e9	hevc_back_clock_set	media_clock.ko
0xdade8a75	hevc_clock_enable	media_clock.ko
0x9b53f4af	hevc_clock_hi_enable	media_clock.ko
0xdf857264	hevc_clock_init	media_clock.ko
0x80b84ffd	hevc_clock_off	media_clock.ko
0x5563edce	hevc_clock_on	media_clock.ko
0x3053fedc	hevc_clock_set	media_clock.ko
0xa0ecdd20	hevc_mmu_dma_check	decoder_common.ko
0xead80dee	hevc_reset_core	decoder_common.ko
0x15d8152b	hevc_set_clk	media_clock.ko
0x03f061e0	hevc_source_changed	decoder_common.ko
0xd8583cfd	init_userdata_fifo	stream_input.ko
0x0f91c577	is_mult_inc	decoder_common.ko
0xbf58ecb1	is_support_profile	decoder_common.ko
0x6d39b902	optee_load_fw	decoder_common.ko
0xd21f4334	psparser_release	stream_input.ko
0x08fabd42	register_amlogic_afbc_dec_fun	decoder_common.ko
0xd824944e	register_amlogic_afbc_enc_fun	decoder_common.ko
0xd5428406	register_vdec_clk_mgr	media_clock.ko
0x23b3ea37	register_vdec_clk_setting	media_clock.ko
0x9399244e	reset_userdata_fifo	stream_input.ko
0x6733784f	rm_audio_reset	stream_input.ko
0x0059f4e0	rmparser_init	stream_input.ko
0xd892d024	rmparser_release	stream_input.ko
0x9ce1b55d	set_clock_gate	media_clock.ko
0x18e88a82	set_userdata_poc	stream_input.ko
0x43ce5b44	stbuf_fetch_init	stream_input.ko
0xbcbe1cd7	stbuf_init	stream_input.ko
0x268cbfa2	stbuf_release	stream_input.ko
0x6fa1c3d3	subtitle_exit	stream_input.ko
0xb2123452	subtitle_init	stream_input.ko
0x3485c560	threadrw_update_buffer_level	stream_input.ko
0xfd23c2b7	tsdemux_release	stream_input.ko
0x6494fc7c	tsdemux_set_ops	stream_input.ko
0x4dd83a47	unregister_amlogic_afbc_dec_fun	decoder_common.ko
0x90a5dab9	unregister_amlogic_afbc_enc_fun	decoder_common.ko
0x2dd44928	unregister_vdec_clk_mgr	media_clock.ko
0x6f2a2d6b	unregister_vdec_clk_setting	media_clock.ko
0x7ce68d09	update_vdec_clk_config_settings	decoder_common.ko
0x753404e5	vcodec_profile_read	decoder_common.ko
0xf96465fd	vcodec_profile_register	decoder_common.ko
0x0b1c892f	vdec1_set_clk	media_clock.ko
0x9c04bf59	vdec2_clock_enable	media_clock.ko
0x6e33b211	vdec2_clock_hi_enable	media_clock.ko
0x17ba977d	vdec2_clock_off	media_clock.ko
0x8562e5c5	vdec2_clock_on	media_clock.ko
0x42113703	vdec2_clock_set	media_clock.ko
0x53022007	vdec2_set_clk	media_clock.ko
0x443d5684	vdec2_source_changed	decoder_common.ko
0x97c84403	vdec_clean_input	decoder_common.ko
0xdd042cc2	vdec_clk_get	media_clock.ko
0x70969dc7	vdec_clock_enable	media_clock.ko
0x200d934f	vdec_clock_hi_enable	media_clock.ko
0x36f0704d	vdec_clock_init	media_clock.ko
0x961f53fb	vdec_clock_off	media_clock.ko
0x9eb0ae11	vdec_clock_on	media_clock.ko
0xfb80bd03	vdec_clock_set	media_clock.ko
0xb9fce5a1	vdec_connect	decoder_common.ko
0x83564a1f	vdec_core_finish_run	decoder_common.ko
0x36789efc	vdec_core_release	decoder_common.ko
0x9375b332	vdec_core_request	decoder_common.ko
0xb5c66c56	vdec_count_info	decoder_common.ko
0xd5afd033	vdec_create	decoder_common.ko
0xafdf0284	vdec_destroy	decoder_common.ko
0x44876a2d	vdec_device_name_str	decoder_common.ko
0xc38d522b	vdec_disconnect	decoder_common.ko
0x3c0f7b32	vdec_enable_input	decoder_common.ko
0x3ed11365	vdec_fill_frame_info	decoder_common.ko
0xa6df19bf	vdec_free_irq	decoder_common.ko
0xfa20fb9b	vdec_get_clk_source	media_clock.ko
0x4b297ab8	vdec_get_debug_flags	decoder_common.ko
0x5e578679	vdec_get_default_vdec_for_userdata	decoder_common.ko
0x68dc3e4c	vdec_get_frame_num	decoder_common.ko
0x2134b32d	vdec_get_qos_info	decoder_common.ko
0x0b5e3ed3	vdec_get_status	decoder_common.ko
0x9582b706	vdec_get_vdec_by_id	decoder_common.ko
0x7efa135c	vdec_has_more_input	decoder_common.ko
0x33111c5c	vdec_init	decoder_common.ko
0x08a42972	vdec_input_add_frame	decoder_common.ko
0xe4a47a98	vdec_input_get_duration_u64	decoder_common.ko
0x9e8fff8c	vdec_input_get_freed_handle	decoder_common.ko
0x5590b5c7	vdec_input_get_status	decoder_common.ko
0xb2a4acc6	vdec_input_level	decoder_common.ko
0x5c3c8e22	vdec_input_lock	decoder_common.ko
0xa064e0c1	vdec_input_next_chunk	decoder_common.ko
0xeaeb1641	vdec_input_next_input_chunk	decoder_common.ko
0x0280b5f5	vdec_input_release	decoder_common.ko
0x2de3e4c8	vdec_input_release_chunk	decoder_common.ko
0x06b3ffdb	vdec_input_set_buffer	decoder_common.ko
0x4e8bb1b1	vdec_input_set_type	decoder_common.ko
0x4d7f1f02	vdec_input_unlock	decoder_common.ko
0x834d1b18	vdec_is_support_4k	decoder_common.ko
0x4404bacf	vdec_module_exit	decoder_common.ko
0xb3df89e8	vdec_module_init	decoder_common.ko
0x36322fd8	vdec_need_more_data	decoder_common.ko
0xf16bc341	vdec_on	decoder_common.ko
0xfc50e75f	vdec_power_reset	decoder_common.ko
0xe415230d	vdec_poweroff	decoder_common.ko
0x0285de1a	vdec_poweron	decoder_common.ko
0xcaf31030	vdec_prepare_input	decoder_common.ko
0xfa681ab2	vdec_profile	decoder_common.ko
0xc3b36827	vdec_profile_exit_debugfs	decoder_common.ko
0x0ceafd93	vdec_profile_init_debugfs	decoder_common.ko
0x8bf97290	vdec_profile_more	decoder_common.ko
0xfe3ea3c7	vdec_read_user_data	decoder_common.ko
0x2ce3cf7a	vdec_release	decoder_common.ko
0x8255b784	vdec_request_irq	decoder_common.ko
0x7faae8ab	vdec_request_threaded_irq	decoder_common.ko
0xb547009a	vdec_reset	decoder_common.ko
0xb24a1e1b	vdec_reset_core	decoder_common.ko
0x2b113db8	vdec_reset_userdata_fifo	decoder_common.ko
0xc3492832	vdec_save_input_context	decoder_common.ko
0xdf3a0855	vdec_schedule_work	decoder_common.ko
0x8921b28b	vdec_set_decinfo	decoder_common.ko
0x0585c799	vdec_set_dv_metawithel	decoder_common.ko
0x1761a997	vdec_set_eos	decoder_common.ko
0xd758c2e8	vdec_set_flag	decoder_common.ko
0x1b16832c	vdec_set_format	decoder_common.ko
0x862a5b53	vdec_set_input_buffer	decoder_common.ko
0x0e711b6b	vdec_set_isreset	decoder_common.ko
0x85b0bc74	vdec_set_next_sched	decoder_common.ko
0x9972c3bc	vdec_set_next_status	decoder_common.ko
0x674fc773	vdec_set_no_powerdown	decoder_common.ko
0xffccdbdc	vdec_set_prepare_level	decoder_common.ko
0x096d3ae9	vdec_set_pts	decoder_common.ko
0xc87fb563	vdec_set_pts64	decoder_common.ko
0xda357cb3	vdec_set_receive_id	decoder_common.ko
0x3d56f0ed	vdec_set_status	decoder_common.ko
0xd84a81f1	vdec_set_step_mode	decoder_common.ko
0x3caf3c40	vdec_set_timestamp	decoder_common.ko
0x95171c9a	vdec_set_trickmode	decoder_common.ko
0x3c3fc5c5	vdec_set_video_path	decoder_common.ko
0x1339a2ec	vdec_source_changed	decoder_common.ko
0xb5d5d764	vdec_source_changed_for_clk_set	media_clock.ko
0x99c9e767	vdec_source_get	media_clock.ko
0xf496489c	vdec_status	decoder_common.ko
0x536ca5c6	vdec_sync_input	decoder_common.ko
0xa500333a	vdec_v4l_binding_fd_and_vf	decoder_common.ko
0xf4dbed8f	vdec_v4l_get_buffer	decoder_common.ko
0xf73b1f49	vdec_v4l_set_pic_infos	decoder_common.ko
0xf85352b5	vdec_v4l_write_frame_sync	decoder_common.ko
0x74869dc8	vdec_vframe_dirty	decoder_common.ko
0x3638930b	vdec_wakeup_userdata_poll	decoder_common.ko
0x11a78ac5	vdec_write_vframe	decoder_common.ko
0xfe103848	video_fw_reload	firmware.ko
0x5417f08d	wakeup_userdata_poll	stream_input.ko
0x1f81ec2d	walk_vdec_core_list	decoder_common.ko
